{"cameraMode":{"drawMode":0,"name":"Shaded","section":"Shading Mode"},"sceneLighting":true,"audioPlay":false,"sceneViewState":{"showFog":false,"showMaterialUpdate":true,"showSkybox":true,"showFlares":true,"showImageEffects":true,"showParticleSystems":true},"in2DMode":false,"pivot":{"x":12.474529266357422,"y":-4.763614177703857,"z":6.758176803588867},"rotation":{"x":-0.17697247862815858,"y":-0.46814557909965517,"z":0.0961972028017044,"w":-0.8604255318641663},"size":10.0,"orthographic":false}