{"cameraMode":{"drawMode":0,"name":"Shaded","section":"Shading Mode"},"sceneLighting":true,"audioPlay":false,"sceneViewState":{"showFog":true,"showMaterialUpdate":true,"showSkybox":true,"showFlares":true,"showImageEffects":true,"showParticleSystems":true},"in2DMode":false,"pivot":{"x":-4.905318260192871,"y":1.771005392074585,"z":1.4762663841247559},"rotation":{"x":-0.007951966486871243,"y":-0.9844880104064941,"z":0.08408363163471222,"w":-0.15489926934242249},"size":1.0212228298187256,"orthographic":false}