{"cameraMode":{"drawMode":0,"name":"Shaded","section":"Shading Mode"},"sceneLighting":true,"audioPlay":false,"sceneViewState":{"showFog":true,"showMaterialUpdate":true,"showSkybox":true,"showFlares":true,"showImageEffects":true,"showParticleSystems":true},"in2DMode":false,"pivot":{"x":-2.98352313041687,"y":0.3449361026287079,"z":-1.8098605871200562},"rotation":{"x":0.02496083453297615,"y":-0.7113608121871948,"z":0.018056338652968408,"w":0.7023696899414063},"size":10.449999809265137,"orthographic":false}