{"cameraMode":{"drawMode":0,"name":"Shaded","section":"Shading Mode"},"sceneLighting":true,"audioPlay":false,"sceneViewState":{"showFog":true,"showMaterialUpdate":true,"showSkybox":true,"showFlares":true,"showImageEffects":true,"showParticleSystems":true},"in2DMode":false,"pivot":{"x":53.86296081542969,"y":31.43711280822754,"z":11.96360969543457},"rotation":{"x":0.5039575695991516,"y":0.01942046359181404,"z":-0.011358343064785004,"w":0.8634639978408814},"size":10.0,"orthographic":false}