{"cameraMode":{"drawMode":0,"name":"Shaded","section":"Shading Mode"},"sceneLighting":true,"audioPlay":false,"sceneViewState":{"showFog":true,"showMaterialUpdate":true,"showSkybox":true,"showFlares":true,"showImageEffects":true,"showParticleSystems":true},"in2DMode":false,"pivot":{"x":7.7745680809021,"y":-3.0941832065582277,"z":-15.08764934539795},"rotation":{"x":-0.026510966941714288,"y":-0.9642942547798157,"z":0.13244011998176576,"w":-0.22826415300369264},"size":10.0,"orthographic":false}