{"cameraMode":{"drawMode":0,"name":"Shaded","section":"Shading Mode"},"sceneLighting":true,"audioPlay":false,"sceneViewState":{"showFog":true,"showMaterialUpdate":true,"showSkybox":true,"showFlares":true,"showImageEffects":true,"showParticleSystems":true},"in2DMode":false,"pivot":{"x":-3.3195173740386965,"y":-0.2629390060901642,"z":-18.862762451171876},"rotation":{"x":0.008915500715374947,"y":-0.9961604475975037,"z":0.06743897497653961,"w":0.05839359760284424},"size":10.0,"orthographic":false}