{"cameraMode":{"drawMode":0,"name":"Shaded","section":"Shading Mode"},"sceneLighting":true,"audioPlay":false,"sceneViewState":{"showFog":true,"showMaterialUpdate":true,"showSkybox":true,"showFlares":true,"showImageEffects":true,"showParticleSystems":true},"in2DMode":false,"pivot":{"x":282.4147644042969,"y":28.522974014282228,"z":358.3616943359375},"rotation":{"x":-0.006937910802662373,"y":0.9924707412719727,"z":-0.05987802520394325,"w":-0.1071278378367424},"size":10.0,"orthographic":false}