{"cameraMode":{"drawMode":0,"name":"Shaded","section":"Shading Mode"},"sceneLighting":true,"audioPlay":false,"sceneViewState":{"showFog":true,"showMaterialUpdate":true,"showSkybox":true,"showFlares":true,"showImageEffects":true,"showParticleSystems":true},"in2DMode":false,"pivot":{"x":322.32037353515627,"y":896.55029296875,"z":34.053829193115237},"rotation":{"x":0.5747784376144409,"y":0.0023023695684969427,"z":-0.0022221605759114029,"w":0.8183530569076538},"size":10.0,"orthographic":false}