{"cameraMode":{"drawMode":0,"name":"Shaded","section":"Shading Mode"},"sceneLighting":true,"audioPlay":false,"sceneViewState":{"showFog":true,"showMaterialUpdate":true,"showSkybox":true,"showFlares":true,"showImageEffects":true,"showParticleSystems":true},"in2DMode":false,"pivot":{"x":1.593593955039978,"y":2.077885627746582,"z":-1.484079122543335},"rotation":{"x":0.06666825711727143,"y":-0.9382429718971252,"z":0.22864064574241639,"w":0.2515624165534973},"size":10.449999809265137,"orthographic":false}